id,city,trip_type,locale,slug,title,meta_description,hero_image_url,price_min,price_max,agent_count,faq,status,created_at,updated_at
5031f9aa-4089-4ed7-b158-f35615e33f1a,London,umrah,en,umrah-from-london,Umrah Packages from London 2026 | SafarMarket,"Compare verified Umrah packages from London for 2026. Trusted agents, transparent pricing, real reviews.",,,,0,"[{""answer"": ""Prices vary by hotel category, distance to the Haram and travel season. Most Umrah packages from London fall between budget (3★) and premium (5★) tiers — see live pricing from verified agents above."", ""question"": ""How much does Umrah from London cost?""}, {""answer"": ""SafarMarket lists verified agents who run regular Umrah departures from London. All agents are vetted for licensing (ATOL, Maqam, Ministry of Hajj) and reviewed by past pilgrims."", ""question"": ""Which agents serve the London to Saudi Arabia route?""}, {""answer"": ""Umrah can be performed year-round except during Hajj season. Off-peak months (after Ramadan, before Hajj) usually offer the best prices and quieter Haram."", ""question"": ""When is the best time to travel?""}, {""answer"": ""Most packages from London include return flights, visa processing, hotel accommodation in Makkah and Madinah, ground transport between holy sites, and Ziyarat tours. Always confirm visa, meals and transport details with the agent before booking."", ""question"": ""What is included in a typical package?""}, {""answer"": ""Use our compare tool to put up to 3 packages side-by-side, check agent verification badges, read verified reviews, and request a no-obligation quote (RFQ) to get tailored offers."", ""question"": ""How do I compare packages safely?""}]",active,2026-04-18 14:14:49.142219+00,2026-04-18 14:14:49.142219+00
75d43647-bfa1-4024-ba0e-44b6b04216e6,London,hajj,en,hajj-from-london,Hajj Packages from London 2026 | SafarMarket,"Compare verified Hajj packages from London for 2026. Trusted agents, transparent pricing, real reviews.",,,,0,"[{""answer"": ""Prices vary by hotel category, distance to the Haram and travel season. Most Hajj packages from London fall between budget (3★) and premium (5★) tiers — see live pricing from verified agents above."", ""question"": ""How much does Hajj from London cost?""}, {""answer"": ""SafarMarket lists verified agents who run regular Hajj departures from London. All agents are vetted for licensing (ATOL, Maqam, Ministry of Hajj) and reviewed by past pilgrims."", ""question"": ""Which agents serve the London to Saudi Arabia route?""}, {""answer"": ""Hajj happens once a year on fixed Islamic calendar dates (8–13 Dhul Hijjah). Book at least 6–9 months ahead — quotas from London fill quickly."", ""question"": ""When is the best time to travel?""}, {""answer"": ""Most packages from London include return flights, visa processing, hotel accommodation in Makkah and Madinah, ground transport between holy sites, and Ziyarat tours. Always confirm visa, meals and transport details with the agent before booking."", ""question"": ""What is included in a typical package?""}, {""answer"": ""Use our compare tool to put up to 3 packages side-by-side, check agent verification badges, read verified reviews, and request a no-obligation quote (RFQ) to get tailored offers."", ""question"": ""How do I compare packages safely?""}]",active,2026-04-18 14:14:49.142219+00,2026-04-18 14:14:49.142219+00
b9b4fd1c-8581-475f-acb5-2d4028c441a6,Birmingham,umrah,en,umrah-from-birmingham,Umrah Packages from Birmingham 2026 | SafarMarket,"Compare verified Umrah packages from Birmingham for 2026. Trusted agents, transparent pricing, real reviews.",,,,0,"[{""answer"": ""Prices vary by hotel category, distance to the Haram and travel season. Most Umrah packages from Birmingham fall between budget (3★) and premium (5★) tiers — see live pricing from verified agents above."", ""question"": ""How much does Umrah from Birmingham cost?""}, {""answer"": ""SafarMarket lists verified agents who run regular Umrah departures from Birmingham. All agents are vetted for licensing (ATOL, Maqam, Ministry of Hajj) and reviewed by past pilgrims."", ""question"": ""Which agents serve the Birmingham to Saudi Arabia route?""}, {""answer"": ""Umrah can be performed year-round except during Hajj season. Off-peak months (after Ramadan, before Hajj) usually offer the best prices and quieter Haram."", ""question"": ""When is the best time to travel?""}, {""answer"": ""Most packages from Birmingham include return flights, visa processing, hotel accommodation in Makkah and Madinah, ground transport between holy sites, and Ziyarat tours. Always confirm visa, meals and transport details with the agent before booking."", ""question"": ""What is included in a typical package?""}, {""answer"": ""Use our compare tool to put up to 3 packages side-by-side, check agent verification badges, read verified reviews, and request a no-obligation quote (RFQ) to get tailored offers."", ""question"": ""How do I compare packages safely?""}]",active,2026-04-18 14:14:49.142219+00,2026-04-18 14:14:49.142219+00
6352cab6-ae53-4ee4-8ba8-24ad956614e6,Birmingham,hajj,en,hajj-from-birmingham,Hajj Packages from Birmingham 2026 | SafarMarket,"Compare verified Hajj packages from Birmingham for 2026. Trusted agents, transparent pricing, real reviews.",,,,0,"[{""answer"": ""Prices vary by hotel category, distance to the Haram and travel season. Most Hajj packages from Birmingham fall between budget (3★) and premium (5★) tiers — see live pricing from verified agents above."", ""question"": ""How much does Hajj from Birmingham cost?""}, {""answer"": ""SafarMarket lists verified agents who run regular Hajj departures from Birmingham. All agents are vetted for licensing (ATOL, Maqam, Ministry of Hajj) and reviewed by past pilgrims."", ""question"": ""Which agents serve the Birmingham to Saudi Arabia route?""}, {""answer"": ""Hajj happens once a year on fixed Islamic calendar dates (8–13 Dhul Hijjah). Book at least 6–9 months ahead — quotas from Birmingham fill quickly."", ""question"": ""When is the best time to travel?""}, {""answer"": ""Most packages from Birmingham include return flights, visa processing, hotel accommodation in Makkah and Madinah, ground transport between holy sites, and Ziyarat tours. Always confirm visa, meals and transport details with the agent before booking."", ""question"": ""What is included in a typical package?""}, {""answer"": ""Use our compare tool to put up to 3 packages side-by-side, check agent verification badges, read verified reviews, and request a no-obligation quote (RFQ) to get tailored offers."", ""question"": ""How do I compare packages safely?""}]",active,2026-04-18 14:14:49.142219+00,2026-04-18 14:14:49.142219+00
fdeefb59-6044-4fdc-9a17-183bb4719e78,Manchester,umrah,en,umrah-from-manchester,Umrah Packages from Manchester 2026 | SafarMarket,"Compare verified Umrah packages from Manchester for 2026. Trusted agents, transparent pricing, real reviews.",,,,0,"[{""answer"": ""Prices vary by hotel category, distance to the Haram and travel season. Most Umrah packages from Manchester fall between budget (3★) and premium (5★) tiers — see live pricing from verified agents above."", ""question"": ""How much does Umrah from Manchester cost?""}, {""answer"": ""SafarMarket lists verified agents who run regular Umrah departures from Manchester. All agents are vetted for licensing (ATOL, Maqam, Ministry of Hajj) and reviewed by past pilgrims."", ""question"": ""Which agents serve the Manchester to Saudi Arabia route?""}, {""answer"": ""Umrah can be performed year-round except during Hajj season. Off-peak months (after Ramadan, before Hajj) usually offer the best prices and quieter Haram."", ""question"": ""When is the best time to travel?""}, {""answer"": ""Most packages from Manchester include return flights, visa processing, hotel accommodation in Makkah and Madinah, ground transport between holy sites, and Ziyarat tours. Always confirm visa, meals and transport details with the agent before booking."", ""question"": ""What is included in a typical package?""}, {""answer"": ""Use our compare tool to put up to 3 packages side-by-side, check agent verification badges, read verified reviews, and request a no-obligation quote (RFQ) to get tailored offers."", ""question"": ""How do I compare packages safely?""}]",active,2026-04-18 14:14:49.142219+00,2026-04-18 14:14:49.142219+00
2bd08b7d-b5ec-4a16-926f-2951f4d6e13a,Manchester,hajj,en,hajj-from-manchester,Hajj Packages from Manchester 2026 | SafarMarket,"Compare verified Hajj packages from Manchester for 2026. Trusted agents, transparent pricing, real reviews.",,,,0,"[{""answer"": ""Prices vary by hotel category, distance to the Haram and travel season. Most Hajj packages from Manchester fall between budget (3★) and premium (5★) tiers — see live pricing from verified agents above."", ""question"": ""How much does Hajj from Manchester cost?""}, {""answer"": ""SafarMarket lists verified agents who run regular Hajj departures from Manchester. All agents are vetted for licensing (ATOL, Maqam, Ministry of Hajj) and reviewed by past pilgrims."", ""question"": ""Which agents serve the Manchester to Saudi Arabia route?""}, {""answer"": ""Hajj happens once a year on fixed Islamic calendar dates (8–13 Dhul Hijjah). Book at least 6–9 months ahead — quotas from Manchester fill quickly."", ""question"": ""When is the best time to travel?""}, {""answer"": ""Most packages from Manchester include return flights, visa processing, hotel accommodation in Makkah and Madinah, ground transport between holy sites, and Ziyarat tours. Always confirm visa, meals and transport details with the agent before booking."", ""question"": ""What is included in a typical package?""}, {""answer"": ""Use our compare tool to put up to 3 packages side-by-side, check agent verification badges, read verified reviews, and request a no-obligation quote (RFQ) to get tailored offers."", ""question"": ""How do I compare packages safely?""}]",active,2026-04-18 14:14:49.142219+00,2026-04-18 14:14:49.142219+00
fe556b8a-082a-426a-9980-3da0788864c0,Karachi,umrah,en,umrah-from-karachi,Umrah Packages from Karachi 2026 | SafarMarket,"Compare verified Umrah packages from Karachi for 2026. Trusted agents, transparent pricing, real reviews.",,,,0,"[{""answer"": ""Prices vary by hotel category, distance to the Haram and travel season. Most Umrah packages from Karachi fall between budget (3★) and premium (5★) tiers — see live pricing from verified agents above."", ""question"": ""How much does Umrah from Karachi cost?""}, {""answer"": ""SafarMarket lists verified agents who run regular Umrah departures from Karachi. All agents are vetted for licensing (ATOL, Maqam, Ministry of Hajj) and reviewed by past pilgrims."", ""question"": ""Which agents serve the Karachi to Saudi Arabia route?""}, {""answer"": ""Umrah can be performed year-round except during Hajj season. Off-peak months (after Ramadan, before Hajj) usually offer the best prices and quieter Haram."", ""question"": ""When is the best time to travel?""}, {""answer"": ""Most packages from Karachi include return flights, visa processing, hotel accommodation in Makkah and Madinah, ground transport between holy sites, and Ziyarat tours. Always confirm visa, meals and transport details with the agent before booking."", ""question"": ""What is included in a typical package?""}, {""answer"": ""Use our compare tool to put up to 3 packages side-by-side, check agent verification badges, read verified reviews, and request a no-obligation quote (RFQ) to get tailored offers."", ""question"": ""How do I compare packages safely?""}]",active,2026-04-18 14:14:49.142219+00,2026-04-18 14:14:49.142219+00
f4f512c5-892c-4a96-8fee-b41bd907404c,Karachi,hajj,en,hajj-from-karachi,Hajj Packages from Karachi 2026 | SafarMarket,"Compare verified Hajj packages from Karachi for 2026. Trusted agents, transparent pricing, real reviews.",,,,0,"[{""answer"": ""Prices vary by hotel category, distance to the Haram and travel season. Most Hajj packages from Karachi fall between budget (3★) and premium (5★) tiers — see live pricing from verified agents above."", ""question"": ""How much does Hajj from Karachi cost?""}, {""answer"": ""SafarMarket lists verified agents who run regular Hajj departures from Karachi. All agents are vetted for licensing (ATOL, Maqam, Ministry of Hajj) and reviewed by past pilgrims."", ""question"": ""Which agents serve the Karachi to Saudi Arabia route?""}, {""answer"": ""Hajj happens once a year on fixed Islamic calendar dates (8–13 Dhul Hijjah). Book at least 6–9 months ahead — quotas from Karachi fill quickly."", ""question"": ""When is the best time to travel?""}, {""answer"": ""Most packages from Karachi include return flights, visa processing, hotel accommodation in Makkah and Madinah, ground transport between holy sites, and Ziyarat tours. Always confirm visa, meals and transport details with the agent before booking."", ""question"": ""What is included in a typical package?""}, {""answer"": ""Use our compare tool to put up to 3 packages side-by-side, check agent verification badges, read verified reviews, and request a no-obligation quote (RFQ) to get tailored offers."", ""question"": ""How do I compare packages safely?""}]",active,2026-04-18 14:14:49.142219+00,2026-04-18 14:14:49.142219+00
8469d00d-4ca9-4bbd-be54-b028862fa79d,Lahore,umrah,en,umrah-from-lahore,Umrah Packages from Lahore 2026 | SafarMarket,"Compare verified Umrah packages from Lahore for 2026. Trusted agents, transparent pricing, real reviews.",,,,0,"[{""answer"": ""Prices vary by hotel category, distance to the Haram and travel season. Most Umrah packages from Lahore fall between budget (3★) and premium (5★) tiers — see live pricing from verified agents above."", ""question"": ""How much does Umrah from Lahore cost?""}, {""answer"": ""SafarMarket lists verified agents who run regular Umrah departures from Lahore. All agents are vetted for licensing (ATOL, Maqam, Ministry of Hajj) and reviewed by past pilgrims."", ""question"": ""Which agents serve the Lahore to Saudi Arabia route?""}, {""answer"": ""Umrah can be performed year-round except during Hajj season. Off-peak months (after Ramadan, before Hajj) usually offer the best prices and quieter Haram."", ""question"": ""When is the best time to travel?""}, {""answer"": ""Most packages from Lahore include return flights, visa processing, hotel accommodation in Makkah and Madinah, ground transport between holy sites, and Ziyarat tours. Always confirm visa, meals and transport details with the agent before booking."", ""question"": ""What is included in a typical package?""}, {""answer"": ""Use our compare tool to put up to 3 packages side-by-side, check agent verification badges, read verified reviews, and request a no-obligation quote (RFQ) to get tailored offers."", ""question"": ""How do I compare packages safely?""}]",active,2026-04-18 14:14:49.142219+00,2026-04-18 14:14:49.142219+00
dd3b27f7-1ff3-4c4a-9d6b-1623766b88ed,Lahore,hajj,en,hajj-from-lahore,Hajj Packages from Lahore 2026 | SafarMarket,"Compare verified Hajj packages from Lahore for 2026. Trusted agents, transparent pricing, real reviews.",,,,0,"[{""answer"": ""Prices vary by hotel category, distance to the Haram and travel season. Most Hajj packages from Lahore fall between budget (3★) and premium (5★) tiers — see live pricing from verified agents above."", ""question"": ""How much does Hajj from Lahore cost?""}, {""answer"": ""SafarMarket lists verified agents who run regular Hajj departures from Lahore. All agents are vetted for licensing (ATOL, Maqam, Ministry of Hajj) and reviewed by past pilgrims."", ""question"": ""Which agents serve the Lahore to Saudi Arabia route?""}, {""answer"": ""Hajj happens once a year on fixed Islamic calendar dates (8–13 Dhul Hijjah). Book at least 6–9 months ahead — quotas from Lahore fill quickly."", ""question"": ""When is the best time to travel?""}, {""answer"": ""Most packages from Lahore include return flights, visa processing, hotel accommodation in Makkah and Madinah, ground transport between holy sites, and Ziyarat tours. Always confirm visa, meals and transport details with the agent before booking."", ""question"": ""What is included in a typical package?""}, {""answer"": ""Use our compare tool to put up to 3 packages side-by-side, check agent verification badges, read verified reviews, and request a no-obligation quote (RFQ) to get tailored offers."", ""question"": ""How do I compare packages safely?""}]",active,2026-04-18 14:14:49.142219+00,2026-04-18 14:14:49.142219+00
e01133f9-2d4a-4f14-b69e-71dd616932c6,Islamabad,umrah,en,umrah-from-islamabad,Umrah Packages from Islamabad 2026 | SafarMarket,"Compare verified Umrah packages from Islamabad for 2026. Trusted agents, transparent pricing, real reviews.",,,,0,"[{""answer"": ""Prices vary by hotel category, distance to the Haram and travel season. Most Umrah packages from Islamabad fall between budget (3★) and premium (5★) tiers — see live pricing from verified agents above."", ""question"": ""How much does Umrah from Islamabad cost?""}, {""answer"": ""SafarMarket lists verified agents who run regular Umrah departures from Islamabad. All agents are vetted for licensing (ATOL, Maqam, Ministry of Hajj) and reviewed by past pilgrims."", ""question"": ""Which agents serve the Islamabad to Saudi Arabia route?""}, {""answer"": ""Umrah can be performed year-round except during Hajj season. Off-peak months (after Ramadan, before Hajj) usually offer the best prices and quieter Haram."", ""question"": ""When is the best time to travel?""}, {""answer"": ""Most packages from Islamabad include return flights, visa processing, hotel accommodation in Makkah and Madinah, ground transport between holy sites, and Ziyarat tours. Always confirm visa, meals and transport details with the agent before booking."", ""question"": ""What is included in a typical package?""}, {""answer"": ""Use our compare tool to put up to 3 packages side-by-side, check agent verification badges, read verified reviews, and request a no-obligation quote (RFQ) to get tailored offers."", ""question"": ""How do I compare packages safely?""}]",active,2026-04-18 14:14:49.142219+00,2026-04-18 14:14:49.142219+00
d1b700fa-e4b5-4a0c-b830-94e96bdbd098,Islamabad,hajj,en,hajj-from-islamabad,Hajj Packages from Islamabad 2026 | SafarMarket,"Compare verified Hajj packages from Islamabad for 2026. Trusted agents, transparent pricing, real reviews.",,,,0,"[{""answer"": ""Prices vary by hotel category, distance to the Haram and travel season. Most Hajj packages from Islamabad fall between budget (3★) and premium (5★) tiers — see live pricing from verified agents above."", ""question"": ""How much does Hajj from Islamabad cost?""}, {""answer"": ""SafarMarket lists verified agents who run regular Hajj departures from Islamabad. All agents are vetted for licensing (ATOL, Maqam, Ministry of Hajj) and reviewed by past pilgrims."", ""question"": ""Which agents serve the Islamabad to Saudi Arabia route?""}, {""answer"": ""Hajj happens once a year on fixed Islamic calendar dates (8–13 Dhul Hijjah). Book at least 6–9 months ahead — quotas from Islamabad fill quickly."", ""question"": ""When is the best time to travel?""}, {""answer"": ""Most packages from Islamabad include return flights, visa processing, hotel accommodation in Makkah and Madinah, ground transport between holy sites, and Ziyarat tours. Always confirm visa, meals and transport details with the agent before booking."", ""question"": ""What is included in a typical package?""}, {""answer"": ""Use our compare tool to put up to 3 packages side-by-side, check agent verification badges, read verified reviews, and request a no-obligation quote (RFQ) to get tailored offers."", ""question"": ""How do I compare packages safely?""}]",active,2026-04-18 14:14:49.142219+00,2026-04-18 14:14:49.142219+00
08eaea82-a85f-4828-8838-a4966821c513,Jakarta,umrah,en,umrah-from-jakarta,Umrah Packages from Jakarta 2026 | SafarMarket,"Compare verified Umrah packages from Jakarta for 2026. Trusted agents, transparent pricing, real reviews.",,,,0,"[{""answer"": ""Prices vary by hotel category, distance to the Haram and travel season. Most Umrah packages from Jakarta fall between budget (3★) and premium (5★) tiers — see live pricing from verified agents above."", ""question"": ""How much does Umrah from Jakarta cost?""}, {""answer"": ""SafarMarket lists verified agents who run regular Umrah departures from Jakarta. All agents are vetted for licensing (ATOL, Maqam, Ministry of Hajj) and reviewed by past pilgrims."", ""question"": ""Which agents serve the Jakarta to Saudi Arabia route?""}, {""answer"": ""Umrah can be performed year-round except during Hajj season. Off-peak months (after Ramadan, before Hajj) usually offer the best prices and quieter Haram."", ""question"": ""When is the best time to travel?""}, {""answer"": ""Most packages from Jakarta include return flights, visa processing, hotel accommodation in Makkah and Madinah, ground transport between holy sites, and Ziyarat tours. Always confirm visa, meals and transport details with the agent before booking."", ""question"": ""What is included in a typical package?""}, {""answer"": ""Use our compare tool to put up to 3 packages side-by-side, check agent verification badges, read verified reviews, and request a no-obligation quote (RFQ) to get tailored offers."", ""question"": ""How do I compare packages safely?""}]",active,2026-04-18 14:14:49.142219+00,2026-04-18 14:14:49.142219+00
4b9bd70b-4dd8-49c0-9df6-842637bed71a,Jakarta,hajj,en,hajj-from-jakarta,Hajj Packages from Jakarta 2026 | SafarMarket,"Compare verified Hajj packages from Jakarta for 2026. Trusted agents, transparent pricing, real reviews.",,,,0,"[{""answer"": ""Prices vary by hotel category, distance to the Haram and travel season. Most Hajj packages from Jakarta fall between budget (3★) and premium (5★) tiers — see live pricing from verified agents above."", ""question"": ""How much does Hajj from Jakarta cost?""}, {""answer"": ""SafarMarket lists verified agents who run regular Hajj departures from Jakarta. All agents are vetted for licensing (ATOL, Maqam, Ministry of Hajj) and reviewed by past pilgrims."", ""question"": ""Which agents serve the Jakarta to Saudi Arabia route?""}, {""answer"": ""Hajj happens once a year on fixed Islamic calendar dates (8–13 Dhul Hijjah). Book at least 6–9 months ahead — quotas from Jakarta fill quickly."", ""question"": ""When is the best time to travel?""}, {""answer"": ""Most packages from Jakarta include return flights, visa processing, hotel accommodation in Makkah and Madinah, ground transport between holy sites, and Ziyarat tours. Always confirm visa, meals and transport details with the agent before booking."", ""question"": ""What is included in a typical package?""}, {""answer"": ""Use our compare tool to put up to 3 packages side-by-side, check agent verification badges, read verified reviews, and request a no-obligation quote (RFQ) to get tailored offers."", ""question"": ""How do I compare packages safely?""}]",active,2026-04-18 14:14:49.142219+00,2026-04-18 14:14:49.142219+00
7d234018-394d-4f19-ad1e-e586796ac7e5,Surabaya,umrah,en,umrah-from-surabaya,Umrah Packages from Surabaya 2026 | SafarMarket,"Compare verified Umrah packages from Surabaya for 2026. Trusted agents, transparent pricing, real reviews.",,,,0,"[{""answer"": ""Prices vary by hotel category, distance to the Haram and travel season. Most Umrah packages from Surabaya fall between budget (3★) and premium (5★) tiers — see live pricing from verified agents above."", ""question"": ""How much does Umrah from Surabaya cost?""}, {""answer"": ""SafarMarket lists verified agents who run regular Umrah departures from Surabaya. All agents are vetted for licensing (ATOL, Maqam, Ministry of Hajj) and reviewed by past pilgrims."", ""question"": ""Which agents serve the Surabaya to Saudi Arabia route?""}, {""answer"": ""Umrah can be performed year-round except during Hajj season. Off-peak months (after Ramadan, before Hajj) usually offer the best prices and quieter Haram."", ""question"": ""When is the best time to travel?""}, {""answer"": ""Most packages from Surabaya include return flights, visa processing, hotel accommodation in Makkah and Madinah, ground transport between holy sites, and Ziyarat tours. Always confirm visa, meals and transport details with the agent before booking."", ""question"": ""What is included in a typical package?""}, {""answer"": ""Use our compare tool to put up to 3 packages side-by-side, check agent verification badges, read verified reviews, and request a no-obligation quote (RFQ) to get tailored offers."", ""question"": ""How do I compare packages safely?""}]",active,2026-04-18 14:14:49.142219+00,2026-04-18 14:14:49.142219+00
99d2f50f-b27a-44fc-849f-c9b54faff5ca,Surabaya,hajj,en,hajj-from-surabaya,Hajj Packages from Surabaya 2026 | SafarMarket,"Compare verified Hajj packages from Surabaya for 2026. Trusted agents, transparent pricing, real reviews.",,,,0,"[{""answer"": ""Prices vary by hotel category, distance to the Haram and travel season. Most Hajj packages from Surabaya fall between budget (3★) and premium (5★) tiers — see live pricing from verified agents above."", ""question"": ""How much does Hajj from Surabaya cost?""}, {""answer"": ""SafarMarket lists verified agents who run regular Hajj departures from Surabaya. All agents are vetted for licensing (ATOL, Maqam, Ministry of Hajj) and reviewed by past pilgrims."", ""question"": ""Which agents serve the Surabaya to Saudi Arabia route?""}, {""answer"": ""Hajj happens once a year on fixed Islamic calendar dates (8–13 Dhul Hijjah). Book at least 6–9 months ahead — quotas from Surabaya fill quickly."", ""question"": ""When is the best time to travel?""}, {""answer"": ""Most packages from Surabaya include return flights, visa processing, hotel accommodation in Makkah and Madinah, ground transport between holy sites, and Ziyarat tours. Always confirm visa, meals and transport details with the agent before booking."", ""question"": ""What is included in a typical package?""}, {""answer"": ""Use our compare tool to put up to 3 packages side-by-side, check agent verification badges, read verified reviews, and request a no-obligation quote (RFQ) to get tailored offers."", ""question"": ""How do I compare packages safely?""}]",active,2026-04-18 14:14:49.142219+00,2026-04-18 14:14:49.142219+00
23649873-2f7b-465d-bb14-0ebc60c03871,Lagos,umrah,en,umrah-from-lagos,Umrah Packages from Lagos 2026 | SafarMarket,"Compare verified Umrah packages from Lagos for 2026. Trusted agents, transparent pricing, real reviews.",,,,0,"[{""answer"": ""Prices vary by hotel category, distance to the Haram and travel season. Most Umrah packages from Lagos fall between budget (3★) and premium (5★) tiers — see live pricing from verified agents above."", ""question"": ""How much does Umrah from Lagos cost?""}, {""answer"": ""SafarMarket lists verified agents who run regular Umrah departures from Lagos. All agents are vetted for licensing (ATOL, Maqam, Ministry of Hajj) and reviewed by past pilgrims."", ""question"": ""Which agents serve the Lagos to Saudi Arabia route?""}, {""answer"": ""Umrah can be performed year-round except during Hajj season. Off-peak months (after Ramadan, before Hajj) usually offer the best prices and quieter Haram."", ""question"": ""When is the best time to travel?""}, {""answer"": ""Most packages from Lagos include return flights, visa processing, hotel accommodation in Makkah and Madinah, ground transport between holy sites, and Ziyarat tours. Always confirm visa, meals and transport details with the agent before booking."", ""question"": ""What is included in a typical package?""}, {""answer"": ""Use our compare tool to put up to 3 packages side-by-side, check agent verification badges, read verified reviews, and request a no-obligation quote (RFQ) to get tailored offers."", ""question"": ""How do I compare packages safely?""}]",active,2026-04-18 14:14:49.142219+00,2026-04-18 14:14:49.142219+00
0a0d975f-8d39-4e88-a3db-7e449e198884,Lagos,hajj,en,hajj-from-lagos,Hajj Packages from Lagos 2026 | SafarMarket,"Compare verified Hajj packages from Lagos for 2026. Trusted agents, transparent pricing, real reviews.",,,,0,"[{""answer"": ""Prices vary by hotel category, distance to the Haram and travel season. Most Hajj packages from Lagos fall between budget (3★) and premium (5★) tiers — see live pricing from verified agents above."", ""question"": ""How much does Hajj from Lagos cost?""}, {""answer"": ""SafarMarket lists verified agents who run regular Hajj departures from Lagos. All agents are vetted for licensing (ATOL, Maqam, Ministry of Hajj) and reviewed by past pilgrims."", ""question"": ""Which agents serve the Lagos to Saudi Arabia route?""}, {""answer"": ""Hajj happens once a year on fixed Islamic calendar dates (8–13 Dhul Hijjah). Book at least 6–9 months ahead — quotas from Lagos fill quickly."", ""question"": ""When is the best time to travel?""}, {""answer"": ""Most packages from Lagos include return flights, visa processing, hotel accommodation in Makkah and Madinah, ground transport between holy sites, and Ziyarat tours. Always confirm visa, meals and transport details with the agent before booking."", ""question"": ""What is included in a typical package?""}, {""answer"": ""Use our compare tool to put up to 3 packages side-by-side, check agent verification badges, read verified reviews, and request a no-obligation quote (RFQ) to get tailored offers."", ""question"": ""How do I compare packages safely?""}]",active,2026-04-18 14:14:49.142219+00,2026-04-18 14:14:49.142219+00
a1f4f390-8afc-41e1-ba13-73d32e0f1daa,Abuja,umrah,en,umrah-from-abuja,Umrah Packages from Abuja 2026 | SafarMarket,"Compare verified Umrah packages from Abuja for 2026. Trusted agents, transparent pricing, real reviews.",,,,0,"[{""answer"": ""Prices vary by hotel category, distance to the Haram and travel season. Most Umrah packages from Abuja fall between budget (3★) and premium (5★) tiers — see live pricing from verified agents above."", ""question"": ""How much does Umrah from Abuja cost?""}, {""answer"": ""SafarMarket lists verified agents who run regular Umrah departures from Abuja. All agents are vetted for licensing (ATOL, Maqam, Ministry of Hajj) and reviewed by past pilgrims."", ""question"": ""Which agents serve the Abuja to Saudi Arabia route?""}, {""answer"": ""Umrah can be performed year-round except during Hajj season. Off-peak months (after Ramadan, before Hajj) usually offer the best prices and quieter Haram."", ""question"": ""When is the best time to travel?""}, {""answer"": ""Most packages from Abuja include return flights, visa processing, hotel accommodation in Makkah and Madinah, ground transport between holy sites, and Ziyarat tours. Always confirm visa, meals and transport details with the agent before booking."", ""question"": ""What is included in a typical package?""}, {""answer"": ""Use our compare tool to put up to 3 packages side-by-side, check agent verification badges, read verified reviews, and request a no-obligation quote (RFQ) to get tailored offers."", ""question"": ""How do I compare packages safely?""}]",active,2026-04-18 14:14:49.142219+00,2026-04-18 14:14:49.142219+00
c015ddf3-0212-4897-b367-59589d6aeb67,Abuja,hajj,en,hajj-from-abuja,Hajj Packages from Abuja 2026 | SafarMarket,"Compare verified Hajj packages from Abuja for 2026. Trusted agents, transparent pricing, real reviews.",,,,0,"[{""answer"": ""Prices vary by hotel category, distance to the Haram and travel season. Most Hajj packages from Abuja fall between budget (3★) and premium (5★) tiers — see live pricing from verified agents above."", ""question"": ""How much does Hajj from Abuja cost?""}, {""answer"": ""SafarMarket lists verified agents who run regular Hajj departures from Abuja. All agents are vetted for licensing (ATOL, Maqam, Ministry of Hajj) and reviewed by past pilgrims."", ""question"": ""Which agents serve the Abuja to Saudi Arabia route?""}, {""answer"": ""Hajj happens once a year on fixed Islamic calendar dates (8–13 Dhul Hijjah). Book at least 6–9 months ahead — quotas from Abuja fill quickly."", ""question"": ""When is the best time to travel?""}, {""answer"": ""Most packages from Abuja include return flights, visa processing, hotel accommodation in Makkah and Madinah, ground transport between holy sites, and Ziyarat tours. Always confirm visa, meals and transport details with the agent before booking."", ""question"": ""What is included in a typical package?""}, {""answer"": ""Use our compare tool to put up to 3 packages side-by-side, check agent verification badges, read verified reviews, and request a no-obligation quote (RFQ) to get tailored offers."", ""question"": ""How do I compare packages safely?""}]",active,2026-04-18 14:14:49.142219+00,2026-04-18 14:14:49.142219+00
80a65ba5-c721-4066-ba74-e3632395e16b,Dhaka,umrah,en,umrah-from-dhaka,Umrah Packages from Dhaka 2026 | SafarMarket,"Compare verified Umrah packages from Dhaka for 2026. Trusted agents, transparent pricing, real reviews.",,,,0,"[{""answer"": ""Prices vary by hotel category, distance to the Haram and travel season. Most Umrah packages from Dhaka fall between budget (3★) and premium (5★) tiers — see live pricing from verified agents above."", ""question"": ""How much does Umrah from Dhaka cost?""}, {""answer"": ""SafarMarket lists verified agents who run regular Umrah departures from Dhaka. All agents are vetted for licensing (ATOL, Maqam, Ministry of Hajj) and reviewed by past pilgrims."", ""question"": ""Which agents serve the Dhaka to Saudi Arabia route?""}, {""answer"": ""Umrah can be performed year-round except during Hajj season. Off-peak months (after Ramadan, before Hajj) usually offer the best prices and quieter Haram."", ""question"": ""When is the best time to travel?""}, {""answer"": ""Most packages from Dhaka include return flights, visa processing, hotel accommodation in Makkah and Madinah, ground transport between holy sites, and Ziyarat tours. Always confirm visa, meals and transport details with the agent before booking."", ""question"": ""What is included in a typical package?""}, {""answer"": ""Use our compare tool to put up to 3 packages side-by-side, check agent verification badges, read verified reviews, and request a no-obligation quote (RFQ) to get tailored offers."", ""question"": ""How do I compare packages safely?""}]",active,2026-04-18 14:14:49.142219+00,2026-04-18 14:14:49.142219+00
166a5cae-edbb-41b4-83d7-47be5f031244,Dhaka,hajj,en,hajj-from-dhaka,Hajj Packages from Dhaka 2026 | SafarMarket,"Compare verified Hajj packages from Dhaka for 2026. Trusted agents, transparent pricing, real reviews.",,,,0,"[{""answer"": ""Prices vary by hotel category, distance to the Haram and travel season. Most Hajj packages from Dhaka fall between budget (3★) and premium (5★) tiers — see live pricing from verified agents above."", ""question"": ""How much does Hajj from Dhaka cost?""}, {""answer"": ""SafarMarket lists verified agents who run regular Hajj departures from Dhaka. All agents are vetted for licensing (ATOL, Maqam, Ministry of Hajj) and reviewed by past pilgrims."", ""question"": ""Which agents serve the Dhaka to Saudi Arabia route?""}, {""answer"": ""Hajj happens once a year on fixed Islamic calendar dates (8–13 Dhul Hijjah). Book at least 6–9 months ahead — quotas from Dhaka fill quickly."", ""question"": ""When is the best time to travel?""}, {""answer"": ""Most packages from Dhaka include return flights, visa processing, hotel accommodation in Makkah and Madinah, ground transport between holy sites, and Ziyarat tours. Always confirm visa, meals and transport details with the agent before booking."", ""question"": ""What is included in a typical package?""}, {""answer"": ""Use our compare tool to put up to 3 packages side-by-side, check agent verification badges, read verified reviews, and request a no-obligation quote (RFQ) to get tailored offers."", ""question"": ""How do I compare packages safely?""}]",active,2026-04-18 14:14:49.142219+00,2026-04-18 14:14:49.142219+00
f79717e1-bb4d-4c79-a58c-4557db6e0915,Istanbul,umrah,en,umrah-from-istanbul,Umrah Packages from Istanbul 2026 | SafarMarket,"Compare verified Umrah packages from Istanbul for 2026. Trusted agents, transparent pricing, real reviews.",,,,0,"[{""answer"": ""Prices vary by hotel category, distance to the Haram and travel season. Most Umrah packages from Istanbul fall between budget (3★) and premium (5★) tiers — see live pricing from verified agents above."", ""question"": ""How much does Umrah from Istanbul cost?""}, {""answer"": ""SafarMarket lists verified agents who run regular Umrah departures from Istanbul. All agents are vetted for licensing (ATOL, Maqam, Ministry of Hajj) and reviewed by past pilgrims."", ""question"": ""Which agents serve the Istanbul to Saudi Arabia route?""}, {""answer"": ""Umrah can be performed year-round except during Hajj season. Off-peak months (after Ramadan, before Hajj) usually offer the best prices and quieter Haram."", ""question"": ""When is the best time to travel?""}, {""answer"": ""Most packages from Istanbul include return flights, visa processing, hotel accommodation in Makkah and Madinah, ground transport between holy sites, and Ziyarat tours. Always confirm visa, meals and transport details with the agent before booking."", ""question"": ""What is included in a typical package?""}, {""answer"": ""Use our compare tool to put up to 3 packages side-by-side, check agent verification badges, read verified reviews, and request a no-obligation quote (RFQ) to get tailored offers."", ""question"": ""How do I compare packages safely?""}]",active,2026-04-18 14:14:49.142219+00,2026-04-18 14:14:49.142219+00
8f0305ed-ea4a-43a7-a2e2-0c5ade13739f,Istanbul,hajj,en,hajj-from-istanbul,Hajj Packages from Istanbul 2026 | SafarMarket,"Compare verified Hajj packages from Istanbul for 2026. Trusted agents, transparent pricing, real reviews.",,,,0,"[{""answer"": ""Prices vary by hotel category, distance to the Haram and travel season. Most Hajj packages from Istanbul fall between budget (3★) and premium (5★) tiers — see live pricing from verified agents above."", ""question"": ""How much does Hajj from Istanbul cost?""}, {""answer"": ""SafarMarket lists verified agents who run regular Hajj departures from Istanbul. All agents are vetted for licensing (ATOL, Maqam, Ministry of Hajj) and reviewed by past pilgrims."", ""question"": ""Which agents serve the Istanbul to Saudi Arabia route?""}, {""answer"": ""Hajj happens once a year on fixed Islamic calendar dates (8–13 Dhul Hijjah). Book at least 6–9 months ahead — quotas from Istanbul fill quickly."", ""question"": ""When is the best time to travel?""}, {""answer"": ""Most packages from Istanbul include return flights, visa processing, hotel accommodation in Makkah and Madinah, ground transport between holy sites, and Ziyarat tours. Always confirm visa, meals and transport details with the agent before booking."", ""question"": ""What is included in a typical package?""}, {""answer"": ""Use our compare tool to put up to 3 packages side-by-side, check agent verification badges, read verified reviews, and request a no-obligation quote (RFQ) to get tailored offers."", ""question"": ""How do I compare packages safely?""}]",active,2026-04-18 14:14:49.142219+00,2026-04-18 14:14:49.142219+00
f65da972-5c44-4fb3-8716-2105ef45af83,Cairo,umrah,en,umrah-from-cairo,Umrah Packages from Cairo 2026 | SafarMarket,"Compare verified Umrah packages from Cairo for 2026. Trusted agents, transparent pricing, real reviews.",,,,0,"[{""answer"": ""Prices vary by hotel category, distance to the Haram and travel season. Most Umrah packages from Cairo fall between budget (3★) and premium (5★) tiers — see live pricing from verified agents above."", ""question"": ""How much does Umrah from Cairo cost?""}, {""answer"": ""SafarMarket lists verified agents who run regular Umrah departures from Cairo. All agents are vetted for licensing (ATOL, Maqam, Ministry of Hajj) and reviewed by past pilgrims."", ""question"": ""Which agents serve the Cairo to Saudi Arabia route?""}, {""answer"": ""Umrah can be performed year-round except during Hajj season. Off-peak months (after Ramadan, before Hajj) usually offer the best prices and quieter Haram."", ""question"": ""When is the best time to travel?""}, {""answer"": ""Most packages from Cairo include return flights, visa processing, hotel accommodation in Makkah and Madinah, ground transport between holy sites, and Ziyarat tours. Always confirm visa, meals and transport details with the agent before booking."", ""question"": ""What is included in a typical package?""}, {""answer"": ""Use our compare tool to put up to 3 packages side-by-side, check agent verification badges, read verified reviews, and request a no-obligation quote (RFQ) to get tailored offers."", ""question"": ""How do I compare packages safely?""}]",active,2026-04-18 14:14:49.142219+00,2026-04-18 14:14:49.142219+00
b232e719-44a0-484c-90e3-ba721c03de8d,Cairo,hajj,en,hajj-from-cairo,Hajj Packages from Cairo 2026 | SafarMarket,"Compare verified Hajj packages from Cairo for 2026. Trusted agents, transparent pricing, real reviews.",,,,0,"[{""answer"": ""Prices vary by hotel category, distance to the Haram and travel season. Most Hajj packages from Cairo fall between budget (3★) and premium (5★) tiers — see live pricing from verified agents above."", ""question"": ""How much does Hajj from Cairo cost?""}, {""answer"": ""SafarMarket lists verified agents who run regular Hajj departures from Cairo. All agents are vetted for licensing (ATOL, Maqam, Ministry of Hajj) and reviewed by past pilgrims."", ""question"": ""Which agents serve the Cairo to Saudi Arabia route?""}, {""answer"": ""Hajj happens once a year on fixed Islamic calendar dates (8–13 Dhul Hijjah). Book at least 6–9 months ahead — quotas from Cairo fill quickly."", ""question"": ""When is the best time to travel?""}, {""answer"": ""Most packages from Cairo include return flights, visa processing, hotel accommodation in Makkah and Madinah, ground transport between holy sites, and Ziyarat tours. Always confirm visa, meals and transport details with the agent before booking."", ""question"": ""What is included in a typical package?""}, {""answer"": ""Use our compare tool to put up to 3 packages side-by-side, check agent verification badges, read verified reviews, and request a no-obligation quote (RFQ) to get tailored offers."", ""question"": ""How do I compare packages safely?""}]",active,2026-04-18 14:14:49.142219+00,2026-04-18 14:14:49.142219+00
9ddf1b30-eb66-4168-90dd-af113456aa86,Riyadh,umrah,en,umrah-from-riyadh,Umrah Packages from Riyadh 2026 | SafarMarket,"Compare verified Umrah packages from Riyadh for 2026. Trusted agents, transparent pricing, real reviews.",,,,0,"[{""answer"": ""Prices vary by hotel category, distance to the Haram and travel season. Most Umrah packages from Riyadh fall between budget (3★) and premium (5★) tiers — see live pricing from verified agents above."", ""question"": ""How much does Umrah from Riyadh cost?""}, {""answer"": ""SafarMarket lists verified agents who run regular Umrah departures from Riyadh. All agents are vetted for licensing (ATOL, Maqam, Ministry of Hajj) and reviewed by past pilgrims."", ""question"": ""Which agents serve the Riyadh to Saudi Arabia route?""}, {""answer"": ""Umrah can be performed year-round except during Hajj season. Off-peak months (after Ramadan, before Hajj) usually offer the best prices and quieter Haram."", ""question"": ""When is the best time to travel?""}, {""answer"": ""Most packages from Riyadh include return flights, visa processing, hotel accommodation in Makkah and Madinah, ground transport between holy sites, and Ziyarat tours. Always confirm visa, meals and transport details with the agent before booking."", ""question"": ""What is included in a typical package?""}, {""answer"": ""Use our compare tool to put up to 3 packages side-by-side, check agent verification badges, read verified reviews, and request a no-obligation quote (RFQ) to get tailored offers."", ""question"": ""How do I compare packages safely?""}]",active,2026-04-18 14:14:49.142219+00,2026-04-18 14:14:49.142219+00
4a559543-3fcd-461e-8819-f3dd44081101,Riyadh,hajj,en,hajj-from-riyadh,Hajj Packages from Riyadh 2026 | SafarMarket,"Compare verified Hajj packages from Riyadh for 2026. Trusted agents, transparent pricing, real reviews.",,,,0,"[{""answer"": ""Prices vary by hotel category, distance to the Haram and travel season. Most Hajj packages from Riyadh fall between budget (3★) and premium (5★) tiers — see live pricing from verified agents above."", ""question"": ""How much does Hajj from Riyadh cost?""}, {""answer"": ""SafarMarket lists verified agents who run regular Hajj departures from Riyadh. All agents are vetted for licensing (ATOL, Maqam, Ministry of Hajj) and reviewed by past pilgrims."", ""question"": ""Which agents serve the Riyadh to Saudi Arabia route?""}, {""answer"": ""Hajj happens once a year on fixed Islamic calendar dates (8–13 Dhul Hijjah). Book at least 6–9 months ahead — quotas from Riyadh fill quickly."", ""question"": ""When is the best time to travel?""}, {""answer"": ""Most packages from Riyadh include return flights, visa processing, hotel accommodation in Makkah and Madinah, ground transport between holy sites, and Ziyarat tours. Always confirm visa, meals and transport details with the agent before booking."", ""question"": ""What is included in a typical package?""}, {""answer"": ""Use our compare tool to put up to 3 packages side-by-side, check agent verification badges, read verified reviews, and request a no-obligation quote (RFQ) to get tailored offers."", ""question"": ""How do I compare packages safely?""}]",active,2026-04-18 14:14:49.142219+00,2026-04-18 14:14:49.142219+00
51aee68e-1ef1-421b-a09e-56ad7e6b23c0,Jeddah,umrah,en,umrah-from-jeddah,Umrah Packages from Jeddah 2026 | SafarMarket,"Compare verified Umrah packages from Jeddah for 2026. Trusted agents, transparent pricing, real reviews.",,,,0,"[{""answer"": ""Prices vary by hotel category, distance to the Haram and travel season. Most Umrah packages from Jeddah fall between budget (3★) and premium (5★) tiers — see live pricing from verified agents above."", ""question"": ""How much does Umrah from Jeddah cost?""}, {""answer"": ""SafarMarket lists verified agents who run regular Umrah departures from Jeddah. All agents are vetted for licensing (ATOL, Maqam, Ministry of Hajj) and reviewed by past pilgrims."", ""question"": ""Which agents serve the Jeddah to Saudi Arabia route?""}, {""answer"": ""Umrah can be performed year-round except during Hajj season. Off-peak months (after Ramadan, before Hajj) usually offer the best prices and quieter Haram."", ""question"": ""When is the best time to travel?""}, {""answer"": ""Most packages from Jeddah include return flights, visa processing, hotel accommodation in Makkah and Madinah, ground transport between holy sites, and Ziyarat tours. Always confirm visa, meals and transport details with the agent before booking."", ""question"": ""What is included in a typical package?""}, {""answer"": ""Use our compare tool to put up to 3 packages side-by-side, check agent verification badges, read verified reviews, and request a no-obligation quote (RFQ) to get tailored offers."", ""question"": ""How do I compare packages safely?""}]",active,2026-04-18 14:14:49.142219+00,2026-04-18 14:14:49.142219+00
4f170b27-f80d-49f5-9cdf-c01e4c7f9a01,Jeddah,hajj,en,hajj-from-jeddah,Hajj Packages from Jeddah 2026 | SafarMarket,"Compare verified Hajj packages from Jeddah for 2026. Trusted agents, transparent pricing, real reviews.",,,,0,"[{""answer"": ""Prices vary by hotel category, distance to the Haram and travel season. Most Hajj packages from Jeddah fall between budget (3★) and premium (5★) tiers — see live pricing from verified agents above."", ""question"": ""How much does Hajj from Jeddah cost?""}, {""answer"": ""SafarMarket lists verified agents who run regular Hajj departures from Jeddah. All agents are vetted for licensing (ATOL, Maqam, Ministry of Hajj) and reviewed by past pilgrims."", ""question"": ""Which agents serve the Jeddah to Saudi Arabia route?""}, {""answer"": ""Hajj happens once a year on fixed Islamic calendar dates (8–13 Dhul Hijjah). Book at least 6–9 months ahead — quotas from Jeddah fill quickly."", ""question"": ""When is the best time to travel?""}, {""answer"": ""Most packages from Jeddah include return flights, visa processing, hotel accommodation in Makkah and Madinah, ground transport between holy sites, and Ziyarat tours. Always confirm visa, meals and transport details with the agent before booking."", ""question"": ""What is included in a typical package?""}, {""answer"": ""Use our compare tool to put up to 3 packages side-by-side, check agent verification badges, read verified reviews, and request a no-obligation quote (RFQ) to get tailored offers."", ""question"": ""How do I compare packages safely?""}]",active,2026-04-18 14:14:49.142219+00,2026-04-18 14:14:49.142219+00
2325cc4b-de22-4bfc-a547-ea966bfbd1a3,Dubai,umrah,en,umrah-from-dubai,Umrah Packages from Dubai 2026 | SafarMarket,"Compare verified Umrah packages from Dubai for 2026. Trusted agents, transparent pricing, real reviews.",,,,0,"[{""answer"": ""Prices vary by hotel category, distance to the Haram and travel season. Most Umrah packages from Dubai fall between budget (3★) and premium (5★) tiers — see live pricing from verified agents above."", ""question"": ""How much does Umrah from Dubai cost?""}, {""answer"": ""SafarMarket lists verified agents who run regular Umrah departures from Dubai. All agents are vetted for licensing (ATOL, Maqam, Ministry of Hajj) and reviewed by past pilgrims."", ""question"": ""Which agents serve the Dubai to Saudi Arabia route?""}, {""answer"": ""Umrah can be performed year-round except during Hajj season. Off-peak months (after Ramadan, before Hajj) usually offer the best prices and quieter Haram."", ""question"": ""When is the best time to travel?""}, {""answer"": ""Most packages from Dubai include return flights, visa processing, hotel accommodation in Makkah and Madinah, ground transport between holy sites, and Ziyarat tours. Always confirm visa, meals and transport details with the agent before booking."", ""question"": ""What is included in a typical package?""}, {""answer"": ""Use our compare tool to put up to 3 packages side-by-side, check agent verification badges, read verified reviews, and request a no-obligation quote (RFQ) to get tailored offers."", ""question"": ""How do I compare packages safely?""}]",active,2026-04-18 14:14:49.142219+00,2026-04-18 14:14:49.142219+00
af50f48b-bb3a-4af2-9354-9802ee9c55ea,Dubai,hajj,en,hajj-from-dubai,Hajj Packages from Dubai 2026 | SafarMarket,"Compare verified Hajj packages from Dubai for 2026. Trusted agents, transparent pricing, real reviews.",,,,0,"[{""answer"": ""Prices vary by hotel category, distance to the Haram and travel season. Most Hajj packages from Dubai fall between budget (3★) and premium (5★) tiers — see live pricing from verified agents above."", ""question"": ""How much does Hajj from Dubai cost?""}, {""answer"": ""SafarMarket lists verified agents who run regular Hajj departures from Dubai. All agents are vetted for licensing (ATOL, Maqam, Ministry of Hajj) and reviewed by past pilgrims."", ""question"": ""Which agents serve the Dubai to Saudi Arabia route?""}, {""answer"": ""Hajj happens once a year on fixed Islamic calendar dates (8–13 Dhul Hijjah). Book at least 6–9 months ahead — quotas from Dubai fill quickly."", ""question"": ""When is the best time to travel?""}, {""answer"": ""Most packages from Dubai include return flights, visa processing, hotel accommodation in Makkah and Madinah, ground transport between holy sites, and Ziyarat tours. Always confirm visa, meals and transport details with the agent before booking."", ""question"": ""What is included in a typical package?""}, {""answer"": ""Use our compare tool to put up to 3 packages side-by-side, check agent verification badges, read verified reviews, and request a no-obligation quote (RFQ) to get tailored offers."", ""question"": ""How do I compare packages safely?""}]",active,2026-04-18 14:14:49.142219+00,2026-04-18 14:14:49.142219+00
9645cdc5-e005-4702-b849-11e7c72b7c4e,Kuala Lumpur,umrah,en,umrah-from-kuala-lumpur,Umrah Packages from Kuala Lumpur 2026 | SafarMarket,"Compare verified Umrah packages from Kuala Lumpur for 2026. Trusted agents, transparent pricing, real reviews.",,,,0,"[{""answer"": ""Prices vary by hotel category, distance to the Haram and travel season. Most Umrah packages from Kuala Lumpur fall between budget (3★) and premium (5★) tiers — see live pricing from verified agents above."", ""question"": ""How much does Umrah from Kuala Lumpur cost?""}, {""answer"": ""SafarMarket lists verified agents who run regular Umrah departures from Kuala Lumpur. All agents are vetted for licensing (ATOL, Maqam, Ministry of Hajj) and reviewed by past pilgrims."", ""question"": ""Which agents serve the Kuala Lumpur to Saudi Arabia route?""}, {""answer"": ""Umrah can be performed year-round except during Hajj season. Off-peak months (after Ramadan, before Hajj) usually offer the best prices and quieter Haram."", ""question"": ""When is the best time to travel?""}, {""answer"": ""Most packages from Kuala Lumpur include return flights, visa processing, hotel accommodation in Makkah and Madinah, ground transport between holy sites, and Ziyarat tours. Always confirm visa, meals and transport details with the agent before booking."", ""question"": ""What is included in a typical package?""}, {""answer"": ""Use our compare tool to put up to 3 packages side-by-side, check agent verification badges, read verified reviews, and request a no-obligation quote (RFQ) to get tailored offers."", ""question"": ""How do I compare packages safely?""}]",active,2026-04-18 14:14:49.142219+00,2026-04-18 14:14:49.142219+00
7c39399b-15dc-4438-8804-8eb0849c4245,Kuala Lumpur,hajj,en,hajj-from-kuala-lumpur,Hajj Packages from Kuala Lumpur 2026 | SafarMarket,"Compare verified Hajj packages from Kuala Lumpur for 2026. Trusted agents, transparent pricing, real reviews.",,,,0,"[{""answer"": ""Prices vary by hotel category, distance to the Haram and travel season. Most Hajj packages from Kuala Lumpur fall between budget (3★) and premium (5★) tiers — see live pricing from verified agents above."", ""question"": ""How much does Hajj from Kuala Lumpur cost?""}, {""answer"": ""SafarMarket lists verified agents who run regular Hajj departures from Kuala Lumpur. All agents are vetted for licensing (ATOL, Maqam, Ministry of Hajj) and reviewed by past pilgrims."", ""question"": ""Which agents serve the Kuala Lumpur to Saudi Arabia route?""}, {""answer"": ""Hajj happens once a year on fixed Islamic calendar dates (8–13 Dhul Hijjah). Book at least 6–9 months ahead — quotas from Kuala Lumpur fill quickly."", ""question"": ""When is the best time to travel?""}, {""answer"": ""Most packages from Kuala Lumpur include return flights, visa processing, hotel accommodation in Makkah and Madinah, ground transport between holy sites, and Ziyarat tours. Always confirm visa, meals and transport details with the agent before booking."", ""question"": ""What is included in a typical package?""}, {""answer"": ""Use our compare tool to put up to 3 packages side-by-side, check agent verification badges, read verified reviews, and request a no-obligation quote (RFQ) to get tailored offers."", ""question"": ""How do I compare packages safely?""}]",active,2026-04-18 14:14:49.142219+00,2026-04-18 14:14:49.142219+00
60cd287a-1384-43fb-a89e-1c05d8332006,Paris,umrah,en,umrah-from-paris,Umrah Packages from Paris 2026 | SafarMarket,"Compare verified Umrah packages from Paris for 2026. Trusted agents, transparent pricing, real reviews.",,,,0,"[{""answer"": ""Prices vary by hotel category, distance to the Haram and travel season. Most Umrah packages from Paris fall between budget (3★) and premium (5★) tiers — see live pricing from verified agents above."", ""question"": ""How much does Umrah from Paris cost?""}, {""answer"": ""SafarMarket lists verified agents who run regular Umrah departures from Paris. All agents are vetted for licensing (ATOL, Maqam, Ministry of Hajj) and reviewed by past pilgrims."", ""question"": ""Which agents serve the Paris to Saudi Arabia route?""}, {""answer"": ""Umrah can be performed year-round except during Hajj season. Off-peak months (after Ramadan, before Hajj) usually offer the best prices and quieter Haram."", ""question"": ""When is the best time to travel?""}, {""answer"": ""Most packages from Paris include return flights, visa processing, hotel accommodation in Makkah and Madinah, ground transport between holy sites, and Ziyarat tours. Always confirm visa, meals and transport details with the agent before booking."", ""question"": ""What is included in a typical package?""}, {""answer"": ""Use our compare tool to put up to 3 packages side-by-side, check agent verification badges, read verified reviews, and request a no-obligation quote (RFQ) to get tailored offers."", ""question"": ""How do I compare packages safely?""}]",active,2026-04-18 14:14:49.142219+00,2026-04-18 14:14:49.142219+00
ca65ecea-d60a-4273-891e-007860d028c9,Paris,hajj,en,hajj-from-paris,Hajj Packages from Paris 2026 | SafarMarket,"Compare verified Hajj packages from Paris for 2026. Trusted agents, transparent pricing, real reviews.",,,,0,"[{""answer"": ""Prices vary by hotel category, distance to the Haram and travel season. Most Hajj packages from Paris fall between budget (3★) and premium (5★) tiers — see live pricing from verified agents above."", ""question"": ""How much does Hajj from Paris cost?""}, {""answer"": ""SafarMarket lists verified agents who run regular Hajj departures from Paris. All agents are vetted for licensing (ATOL, Maqam, Ministry of Hajj) and reviewed by past pilgrims."", ""question"": ""Which agents serve the Paris to Saudi Arabia route?""}, {""answer"": ""Hajj happens once a year on fixed Islamic calendar dates (8–13 Dhul Hijjah). Book at least 6–9 months ahead — quotas from Paris fill quickly."", ""question"": ""When is the best time to travel?""}, {""answer"": ""Most packages from Paris include return flights, visa processing, hotel accommodation in Makkah and Madinah, ground transport between holy sites, and Ziyarat tours. Always confirm visa, meals and transport details with the agent before booking."", ""question"": ""What is included in a typical package?""}, {""answer"": ""Use our compare tool to put up to 3 packages side-by-side, check agent verification badges, read verified reviews, and request a no-obligation quote (RFQ) to get tailored offers."", ""question"": ""How do I compare packages safely?""}]",active,2026-04-18 14:14:49.142219+00,2026-04-18 14:14:49.142219+00
d0cfdf6a-a36c-41fc-a249-4f80702c61ff,New York,umrah,en,umrah-from-new-york,Umrah Packages from New York 2026 | SafarMarket,"Compare verified Umrah packages from New York for 2026. Trusted agents, transparent pricing, real reviews.",,,,0,"[{""answer"": ""Prices vary by hotel category, distance to the Haram and travel season. Most Umrah packages from New York fall between budget (3★) and premium (5★) tiers — see live pricing from verified agents above."", ""question"": ""How much does Umrah from New York cost?""}, {""answer"": ""SafarMarket lists verified agents who run regular Umrah departures from New York. All agents are vetted for licensing (ATOL, Maqam, Ministry of Hajj) and reviewed by past pilgrims."", ""question"": ""Which agents serve the New York to Saudi Arabia route?""}, {""answer"": ""Umrah can be performed year-round except during Hajj season. Off-peak months (after Ramadan, before Hajj) usually offer the best prices and quieter Haram."", ""question"": ""When is the best time to travel?""}, {""answer"": ""Most packages from New York include return flights, visa processing, hotel accommodation in Makkah and Madinah, ground transport between holy sites, and Ziyarat tours. Always confirm visa, meals and transport details with the agent before booking."", ""question"": ""What is included in a typical package?""}, {""answer"": ""Use our compare tool to put up to 3 packages side-by-side, check agent verification badges, read verified reviews, and request a no-obligation quote (RFQ) to get tailored offers."", ""question"": ""How do I compare packages safely?""}]",active,2026-04-18 14:14:49.142219+00,2026-04-18 14:14:49.142219+00
c52dfc3f-ff0f-49b3-8bf1-0c87a4f9fd7c,New York,hajj,en,hajj-from-new-york,Hajj Packages from New York 2026 | SafarMarket,"Compare verified Hajj packages from New York for 2026. Trusted agents, transparent pricing, real reviews.",,,,0,"[{""answer"": ""Prices vary by hotel category, distance to the Haram and travel season. Most Hajj packages from New York fall between budget (3★) and premium (5★) tiers — see live pricing from verified agents above."", ""question"": ""How much does Hajj from New York cost?""}, {""answer"": ""SafarMarket lists verified agents who run regular Hajj departures from New York. All agents are vetted for licensing (ATOL, Maqam, Ministry of Hajj) and reviewed by past pilgrims."", ""question"": ""Which agents serve the New York to Saudi Arabia route?""}, {""answer"": ""Hajj happens once a year on fixed Islamic calendar dates (8–13 Dhul Hijjah). Book at least 6–9 months ahead — quotas from New York fill quickly."", ""question"": ""When is the best time to travel?""}, {""answer"": ""Most packages from New York include return flights, visa processing, hotel accommodation in Makkah and Madinah, ground transport between holy sites, and Ziyarat tours. Always confirm visa, meals and transport details with the agent before booking."", ""question"": ""What is included in a typical package?""}, {""answer"": ""Use our compare tool to put up to 3 packages side-by-side, check agent verification badges, read verified reviews, and request a no-obligation quote (RFQ) to get tailored offers."", ""question"": ""How do I compare packages safely?""}]",active,2026-04-18 14:14:49.142219+00,2026-04-18 14:14:49.142219+00
f4784bfd-42ec-4168-bea6-45262d26788a,Chicago,umrah,en,umrah-from-chicago,Umrah Packages from Chicago 2026 | SafarMarket,"Compare verified Umrah packages from Chicago for 2026. Trusted agents, transparent pricing, real reviews.",,,,0,"[{""answer"": ""Prices vary by hotel category, distance to the Haram and travel season. Most Umrah packages from Chicago fall between budget (3★) and premium (5★) tiers — see live pricing from verified agents above."", ""question"": ""How much does Umrah from Chicago cost?""}, {""answer"": ""SafarMarket lists verified agents who run regular Umrah departures from Chicago. All agents are vetted for licensing (ATOL, Maqam, Ministry of Hajj) and reviewed by past pilgrims."", ""question"": ""Which agents serve the Chicago to Saudi Arabia route?""}, {""answer"": ""Umrah can be performed year-round except during Hajj season. Off-peak months (after Ramadan, before Hajj) usually offer the best prices and quieter Haram."", ""question"": ""When is the best time to travel?""}, {""answer"": ""Most packages from Chicago include return flights, visa processing, hotel accommodation in Makkah and Madinah, ground transport between holy sites, and Ziyarat tours. Always confirm visa, meals and transport details with the agent before booking."", ""question"": ""What is included in a typical package?""}, {""answer"": ""Use our compare tool to put up to 3 packages side-by-side, check agent verification badges, read verified reviews, and request a no-obligation quote (RFQ) to get tailored offers."", ""question"": ""How do I compare packages safely?""}]",active,2026-04-18 14:14:49.142219+00,2026-04-18 14:14:49.142219+00
2c8afa33-8f8c-4bb6-a91d-51f89ef97d8b,Chicago,hajj,en,hajj-from-chicago,Hajj Packages from Chicago 2026 | SafarMarket,"Compare verified Hajj packages from Chicago for 2026. Trusted agents, transparent pricing, real reviews.",,,,0,"[{""answer"": ""Prices vary by hotel category, distance to the Haram and travel season. Most Hajj packages from Chicago fall between budget (3★) and premium (5★) tiers — see live pricing from verified agents above."", ""question"": ""How much does Hajj from Chicago cost?""}, {""answer"": ""SafarMarket lists verified agents who run regular Hajj departures from Chicago. All agents are vetted for licensing (ATOL, Maqam, Ministry of Hajj) and reviewed by past pilgrims."", ""question"": ""Which agents serve the Chicago to Saudi Arabia route?""}, {""answer"": ""Hajj happens once a year on fixed Islamic calendar dates (8–13 Dhul Hijjah). Book at least 6–9 months ahead — quotas from Chicago fill quickly."", ""question"": ""When is the best time to travel?""}, {""answer"": ""Most packages from Chicago include return flights, visa processing, hotel accommodation in Makkah and Madinah, ground transport between holy sites, and Ziyarat tours. Always confirm visa, meals and transport details with the agent before booking."", ""question"": ""What is included in a typical package?""}, {""answer"": ""Use our compare tool to put up to 3 packages side-by-side, check agent verification badges, read verified reviews, and request a no-obligation quote (RFQ) to get tailored offers."", ""question"": ""How do I compare packages safely?""}]",active,2026-04-18 14:14:49.142219+00,2026-04-18 14:14:49.142219+00
070a02a0-8d64-44e5-9bb6-204976d7529e,Houston,umrah,en,umrah-from-houston,Umrah Packages from Houston 2026 | SafarMarket,"Compare verified Umrah packages from Houston for 2026. Trusted agents, transparent pricing, real reviews.",,,,0,"[{""answer"": ""Prices vary by hotel category, distance to the Haram and travel season. Most Umrah packages from Houston fall between budget (3★) and premium (5★) tiers — see live pricing from verified agents above."", ""question"": ""How much does Umrah from Houston cost?""}, {""answer"": ""SafarMarket lists verified agents who run regular Umrah departures from Houston. All agents are vetted for licensing (ATOL, Maqam, Ministry of Hajj) and reviewed by past pilgrims."", ""question"": ""Which agents serve the Houston to Saudi Arabia route?""}, {""answer"": ""Umrah can be performed year-round except during Hajj season. Off-peak months (after Ramadan, before Hajj) usually offer the best prices and quieter Haram."", ""question"": ""When is the best time to travel?""}, {""answer"": ""Most packages from Houston include return flights, visa processing, hotel accommodation in Makkah and Madinah, ground transport between holy sites, and Ziyarat tours. Always confirm visa, meals and transport details with the agent before booking."", ""question"": ""What is included in a typical package?""}, {""answer"": ""Use our compare tool to put up to 3 packages side-by-side, check agent verification badges, read verified reviews, and request a no-obligation quote (RFQ) to get tailored offers."", ""question"": ""How do I compare packages safely?""}]",active,2026-04-18 14:14:49.142219+00,2026-04-18 14:14:49.142219+00
6d245095-4c57-4633-a440-d26350293590,Houston,hajj,en,hajj-from-houston,Hajj Packages from Houston 2026 | SafarMarket,"Compare verified Hajj packages from Houston for 2026. Trusted agents, transparent pricing, real reviews.",,,,0,"[{""answer"": ""Prices vary by hotel category, distance to the Haram and travel season. Most Hajj packages from Houston fall between budget (3★) and premium (5★) tiers — see live pricing from verified agents above."", ""question"": ""How much does Hajj from Houston cost?""}, {""answer"": ""SafarMarket lists verified agents who run regular Hajj departures from Houston. All agents are vetted for licensing (ATOL, Maqam, Ministry of Hajj) and reviewed by past pilgrims."", ""question"": ""Which agents serve the Houston to Saudi Arabia route?""}, {""answer"": ""Hajj happens once a year on fixed Islamic calendar dates (8–13 Dhul Hijjah). Book at least 6–9 months ahead — quotas from Houston fill quickly."", ""question"": ""When is the best time to travel?""}, {""answer"": ""Most packages from Houston include return flights, visa processing, hotel accommodation in Makkah and Madinah, ground transport between holy sites, and Ziyarat tours. Always confirm visa, meals and transport details with the agent before booking."", ""question"": ""What is included in a typical package?""}, {""answer"": ""Use our compare tool to put up to 3 packages side-by-side, check agent verification badges, read verified reviews, and request a no-obligation quote (RFQ) to get tailored offers."", ""question"": ""How do I compare packages safely?""}]",active,2026-04-18 14:14:49.142219+00,2026-04-18 14:14:49.142219+00
d3325bef-0542-4432-b550-b530a5904d66,Toronto,umrah,en,umrah-from-toronto,Umrah Packages from Toronto 2026 | SafarMarket,"Compare verified Umrah packages from Toronto for 2026. Trusted agents, transparent pricing, real reviews.",,,,0,"[{""answer"": ""Prices vary by hotel category, distance to the Haram and travel season. Most Umrah packages from Toronto fall between budget (3★) and premium (5★) tiers — see live pricing from verified agents above."", ""question"": ""How much does Umrah from Toronto cost?""}, {""answer"": ""SafarMarket lists verified agents who run regular Umrah departures from Toronto. All agents are vetted for licensing (ATOL, Maqam, Ministry of Hajj) and reviewed by past pilgrims."", ""question"": ""Which agents serve the Toronto to Saudi Arabia route?""}, {""answer"": ""Umrah can be performed year-round except during Hajj season. Off-peak months (after Ramadan, before Hajj) usually offer the best prices and quieter Haram."", ""question"": ""When is the best time to travel?""}, {""answer"": ""Most packages from Toronto include return flights, visa processing, hotel accommodation in Makkah and Madinah, ground transport between holy sites, and Ziyarat tours. Always confirm visa, meals and transport details with the agent before booking."", ""question"": ""What is included in a typical package?""}, {""answer"": ""Use our compare tool to put up to 3 packages side-by-side, check agent verification badges, read verified reviews, and request a no-obligation quote (RFQ) to get tailored offers."", ""question"": ""How do I compare packages safely?""}]",active,2026-04-18 14:14:49.142219+00,2026-04-18 14:14:49.142219+00
a2166565-9645-44fb-b09b-5eb365aa448a,Toronto,hajj,en,hajj-from-toronto,Hajj Packages from Toronto 2026 | SafarMarket,"Compare verified Hajj packages from Toronto for 2026. Trusted agents, transparent pricing, real reviews.",,,,0,"[{""answer"": ""Prices vary by hotel category, distance to the Haram and travel season. Most Hajj packages from Toronto fall between budget (3★) and premium (5★) tiers — see live pricing from verified agents above."", ""question"": ""How much does Hajj from Toronto cost?""}, {""answer"": ""SafarMarket lists verified agents who run regular Hajj departures from Toronto. All agents are vetted for licensing (ATOL, Maqam, Ministry of Hajj) and reviewed by past pilgrims."", ""question"": ""Which agents serve the Toronto to Saudi Arabia route?""}, {""answer"": ""Hajj happens once a year on fixed Islamic calendar dates (8–13 Dhul Hijjah). Book at least 6–9 months ahead — quotas from Toronto fill quickly."", ""question"": ""When is the best time to travel?""}, {""answer"": ""Most packages from Toronto include return flights, visa processing, hotel accommodation in Makkah and Madinah, ground transport between holy sites, and Ziyarat tours. Always confirm visa, meals and transport details with the agent before booking."", ""question"": ""What is included in a typical package?""}, {""answer"": ""Use our compare tool to put up to 3 packages side-by-side, check agent verification badges, read verified reviews, and request a no-obligation quote (RFQ) to get tailored offers."", ""question"": ""How do I compare packages safely?""}]",active,2026-04-18 14:14:49.142219+00,2026-04-18 14:14:49.142219+00
41ae9c13-ae54-4f32-9cd9-fbef2ac64dd1,Sydney,umrah,en,umrah-from-sydney,Umrah Packages from Sydney 2026 | SafarMarket,"Compare verified Umrah packages from Sydney for 2026. Trusted agents, transparent pricing, real reviews.",,,,0,"[{""answer"": ""Prices vary by hotel category, distance to the Haram and travel season. Most Umrah packages from Sydney fall between budget (3★) and premium (5★) tiers — see live pricing from verified agents above."", ""question"": ""How much does Umrah from Sydney cost?""}, {""answer"": ""SafarMarket lists verified agents who run regular Umrah departures from Sydney. All agents are vetted for licensing (ATOL, Maqam, Ministry of Hajj) and reviewed by past pilgrims."", ""question"": ""Which agents serve the Sydney to Saudi Arabia route?""}, {""answer"": ""Umrah can be performed year-round except during Hajj season. Off-peak months (after Ramadan, before Hajj) usually offer the best prices and quieter Haram."", ""question"": ""When is the best time to travel?""}, {""answer"": ""Most packages from Sydney include return flights, visa processing, hotel accommodation in Makkah and Madinah, ground transport between holy sites, and Ziyarat tours. Always confirm visa, meals and transport details with the agent before booking."", ""question"": ""What is included in a typical package?""}, {""answer"": ""Use our compare tool to put up to 3 packages side-by-side, check agent verification badges, read verified reviews, and request a no-obligation quote (RFQ) to get tailored offers."", ""question"": ""How do I compare packages safely?""}]",active,2026-04-18 14:14:49.142219+00,2026-04-18 14:14:49.142219+00
ca8229c8-f26a-44ad-aae5-d966e4fe153b,Sydney,hajj,en,hajj-from-sydney,Hajj Packages from Sydney 2026 | SafarMarket,"Compare verified Hajj packages from Sydney for 2026. Trusted agents, transparent pricing, real reviews.",,,,0,"[{""answer"": ""Prices vary by hotel category, distance to the Haram and travel season. Most Hajj packages from Sydney fall between budget (3★) and premium (5★) tiers — see live pricing from verified agents above."", ""question"": ""How much does Hajj from Sydney cost?""}, {""answer"": ""SafarMarket lists verified agents who run regular Hajj departures from Sydney. All agents are vetted for licensing (ATOL, Maqam, Ministry of Hajj) and reviewed by past pilgrims."", ""question"": ""Which agents serve the Sydney to Saudi Arabia route?""}, {""answer"": ""Hajj happens once a year on fixed Islamic calendar dates (8–13 Dhul Hijjah). Book at least 6–9 months ahead — quotas from Sydney fill quickly."", ""question"": ""When is the best time to travel?""}, {""answer"": ""Most packages from Sydney include return flights, visa processing, hotel accommodation in Makkah and Madinah, ground transport between holy sites, and Ziyarat tours. Always confirm visa, meals and transport details with the agent before booking."", ""question"": ""What is included in a typical package?""}, {""answer"": ""Use our compare tool to put up to 3 packages side-by-side, check agent verification badges, read verified reviews, and request a no-obligation quote (RFQ) to get tailored offers."", ""question"": ""How do I compare packages safely?""}]",active,2026-04-18 14:14:49.142219+00,2026-04-18 14:14:49.142219+00
9d01d97f-e2f6-45b7-9369-c7fdbb13266e,Johannesburg,umrah,en,umrah-from-johannesburg,Umrah Packages from Johannesburg 2026 | SafarMarket,"Compare verified Umrah packages from Johannesburg for 2026. Trusted agents, transparent pricing, real reviews.",,,,0,"[{""answer"": ""Prices vary by hotel category, distance to the Haram and travel season. Most Umrah packages from Johannesburg fall between budget (3★) and premium (5★) tiers — see live pricing from verified agents above."", ""question"": ""How much does Umrah from Johannesburg cost?""}, {""answer"": ""SafarMarket lists verified agents who run regular Umrah departures from Johannesburg. All agents are vetted for licensing (ATOL, Maqam, Ministry of Hajj) and reviewed by past pilgrims."", ""question"": ""Which agents serve the Johannesburg to Saudi Arabia route?""}, {""answer"": ""Umrah can be performed year-round except during Hajj season. Off-peak months (after Ramadan, before Hajj) usually offer the best prices and quieter Haram."", ""question"": ""When is the best time to travel?""}, {""answer"": ""Most packages from Johannesburg include return flights, visa processing, hotel accommodation in Makkah and Madinah, ground transport between holy sites, and Ziyarat tours. Always confirm visa, meals and transport details with the agent before booking."", ""question"": ""What is included in a typical package?""}, {""answer"": ""Use our compare tool to put up to 3 packages side-by-side, check agent verification badges, read verified reviews, and request a no-obligation quote (RFQ) to get tailored offers."", ""question"": ""How do I compare packages safely?""}]",active,2026-04-18 14:14:49.142219+00,2026-04-18 14:14:49.142219+00
fd4244b4-debb-47ea-b7c9-503d8c6f764b,Colombo,umrah,en,umrah-from-colombo,Umrah Packages from Colombo 2026 | SafarMarket,"Compare verified Umrah packages from Colombo for 2026. Trusted agents, transparent pricing, real reviews.",,,,0,"[{""answer"": ""Prices vary by hotel category, distance to the Haram and travel season. Most Umrah packages from Colombo fall between budget (3★) and premium (5★) tiers — see live pricing from verified agents above."", ""question"": ""How much does Umrah from Colombo cost?""}, {""answer"": ""SafarMarket lists verified agents who run regular Umrah departures from Colombo. All agents are vetted for licensing (ATOL, Maqam, Ministry of Hajj) and reviewed by past pilgrims."", ""question"": ""Which agents serve the Colombo to Saudi Arabia route?""}, {""answer"": ""Umrah can be performed year-round except during Hajj season. Off-peak months (after Ramadan, before Hajj) usually offer the best prices and quieter Haram."", ""question"": ""When is the best time to travel?""}, {""answer"": ""Most packages from Colombo include return flights, visa processing, hotel accommodation in Makkah and Madinah, ground transport between holy sites, and Ziyarat tours. Always confirm visa, meals and transport details with the agent before booking."", ""question"": ""What is included in a typical package?""}, {""answer"": ""Use our compare tool to put up to 3 packages side-by-side, check agent verification badges, read verified reviews, and request a no-obligation quote (RFQ) to get tailored offers."", ""question"": ""How do I compare packages safely?""}]",active,2026-04-18 14:14:49.142219+00,2026-04-18 14:14:49.142219+00
ad240dad-ad25-45a4-8dd5-6d6954ca434e,Johannesburg,hajj,en,hajj-from-johannesburg,Hajj Packages from Johannesburg 2026 | SafarMarket,"Compare verified Hajj packages from Johannesburg for 2026. Trusted agents, transparent pricing, real reviews.",,,,0,"[{""answer"": ""Prices vary by hotel category, distance to the Haram and travel season. Most Hajj packages from Johannesburg fall between budget (3★) and premium (5★) tiers — see live pricing from verified agents above."", ""question"": ""How much does Hajj from Johannesburg cost?""}, {""answer"": ""SafarMarket lists verified agents who run regular Hajj departures from Johannesburg. All agents are vetted for licensing (ATOL, Maqam, Ministry of Hajj) and reviewed by past pilgrims."", ""question"": ""Which agents serve the Johannesburg to Saudi Arabia route?""}, {""answer"": ""Hajj happens once a year on fixed Islamic calendar dates (8–13 Dhul Hijjah). Book at least 6–9 months ahead — quotas from Johannesburg fill quickly."", ""question"": ""When is the best time to travel?""}, {""answer"": ""Most packages from Johannesburg include return flights, visa processing, hotel accommodation in Makkah and Madinah, ground transport between holy sites, and Ziyarat tours. Always confirm visa, meals and transport details with the agent before booking."", ""question"": ""What is included in a typical package?""}, {""answer"": ""Use our compare tool to put up to 3 packages side-by-side, check agent verification badges, read verified reviews, and request a no-obligation quote (RFQ) to get tailored offers."", ""question"": ""How do I compare packages safely?""}]",active,2026-04-18 14:14:49.142219+00,2026-04-18 14:14:49.142219+00
d0ea57de-35d2-460d-aea5-f99ba719b529,Nairobi,umrah,en,umrah-from-nairobi,Umrah Packages from Nairobi 2026 | SafarMarket,"Compare verified Umrah packages from Nairobi for 2026. Trusted agents, transparent pricing, real reviews.",,,,0,"[{""answer"": ""Prices vary by hotel category, distance to the Haram and travel season. Most Umrah packages from Nairobi fall between budget (3★) and premium (5★) tiers — see live pricing from verified agents above."", ""question"": ""How much does Umrah from Nairobi cost?""}, {""answer"": ""SafarMarket lists verified agents who run regular Umrah departures from Nairobi. All agents are vetted for licensing (ATOL, Maqam, Ministry of Hajj) and reviewed by past pilgrims."", ""question"": ""Which agents serve the Nairobi to Saudi Arabia route?""}, {""answer"": ""Umrah can be performed year-round except during Hajj season. Off-peak months (after Ramadan, before Hajj) usually offer the best prices and quieter Haram."", ""question"": ""When is the best time to travel?""}, {""answer"": ""Most packages from Nairobi include return flights, visa processing, hotel accommodation in Makkah and Madinah, ground transport between holy sites, and Ziyarat tours. Always confirm visa, meals and transport details with the agent before booking."", ""question"": ""What is included in a typical package?""}, {""answer"": ""Use our compare tool to put up to 3 packages side-by-side, check agent verification badges, read verified reviews, and request a no-obligation quote (RFQ) to get tailored offers."", ""question"": ""How do I compare packages safely?""}]",active,2026-04-18 14:14:49.142219+00,2026-04-18 14:14:49.142219+00
66554ef3-2bfb-463a-8a27-604be27920d1,Nairobi,hajj,en,hajj-from-nairobi,Hajj Packages from Nairobi 2026 | SafarMarket,"Compare verified Hajj packages from Nairobi for 2026. Trusted agents, transparent pricing, real reviews.",,,,0,"[{""answer"": ""Prices vary by hotel category, distance to the Haram and travel season. Most Hajj packages from Nairobi fall between budget (3★) and premium (5★) tiers — see live pricing from verified agents above."", ""question"": ""How much does Hajj from Nairobi cost?""}, {""answer"": ""SafarMarket lists verified agents who run regular Hajj departures from Nairobi. All agents are vetted for licensing (ATOL, Maqam, Ministry of Hajj) and reviewed by past pilgrims."", ""question"": ""Which agents serve the Nairobi to Saudi Arabia route?""}, {""answer"": ""Hajj happens once a year on fixed Islamic calendar dates (8–13 Dhul Hijjah). Book at least 6–9 months ahead — quotas from Nairobi fill quickly."", ""question"": ""When is the best time to travel?""}, {""answer"": ""Most packages from Nairobi include return flights, visa processing, hotel accommodation in Makkah and Madinah, ground transport between holy sites, and Ziyarat tours. Always confirm visa, meals and transport details with the agent before booking."", ""question"": ""What is included in a typical package?""}, {""answer"": ""Use our compare tool to put up to 3 packages side-by-side, check agent verification badges, read verified reviews, and request a no-obligation quote (RFQ) to get tailored offers."", ""question"": ""How do I compare packages safely?""}]",active,2026-04-18 14:14:49.142219+00,2026-04-18 14:14:49.142219+00
075bd2b3-3ef4-4f1a-8dd8-02ad8e47bd68,Casablanca,umrah,en,umrah-from-casablanca,Umrah Packages from Casablanca 2026 | SafarMarket,"Compare verified Umrah packages from Casablanca for 2026. Trusted agents, transparent pricing, real reviews.",,,,0,"[{""answer"": ""Prices vary by hotel category, distance to the Haram and travel season. Most Umrah packages from Casablanca fall between budget (3★) and premium (5★) tiers — see live pricing from verified agents above."", ""question"": ""How much does Umrah from Casablanca cost?""}, {""answer"": ""SafarMarket lists verified agents who run regular Umrah departures from Casablanca. All agents are vetted for licensing (ATOL, Maqam, Ministry of Hajj) and reviewed by past pilgrims."", ""question"": ""Which agents serve the Casablanca to Saudi Arabia route?""}, {""answer"": ""Umrah can be performed year-round except during Hajj season. Off-peak months (after Ramadan, before Hajj) usually offer the best prices and quieter Haram."", ""question"": ""When is the best time to travel?""}, {""answer"": ""Most packages from Casablanca include return flights, visa processing, hotel accommodation in Makkah and Madinah, ground transport between holy sites, and Ziyarat tours. Always confirm visa, meals and transport details with the agent before booking."", ""question"": ""What is included in a typical package?""}, {""answer"": ""Use our compare tool to put up to 3 packages side-by-side, check agent verification badges, read verified reviews, and request a no-obligation quote (RFQ) to get tailored offers."", ""question"": ""How do I compare packages safely?""}]",active,2026-04-18 14:14:49.142219+00,2026-04-18 14:14:49.142219+00
4cbef7ce-b279-4df4-a59f-53068f7ec1e8,Casablanca,hajj,en,hajj-from-casablanca,Hajj Packages from Casablanca 2026 | SafarMarket,"Compare verified Hajj packages from Casablanca for 2026. Trusted agents, transparent pricing, real reviews.",,,,0,"[{""answer"": ""Prices vary by hotel category, distance to the Haram and travel season. Most Hajj packages from Casablanca fall between budget (3★) and premium (5★) tiers — see live pricing from verified agents above."", ""question"": ""How much does Hajj from Casablanca cost?""}, {""answer"": ""SafarMarket lists verified agents who run regular Hajj departures from Casablanca. All agents are vetted for licensing (ATOL, Maqam, Ministry of Hajj) and reviewed by past pilgrims."", ""question"": ""Which agents serve the Casablanca to Saudi Arabia route?""}, {""answer"": ""Hajj happens once a year on fixed Islamic calendar dates (8–13 Dhul Hijjah). Book at least 6–9 months ahead — quotas from Casablanca fill quickly."", ""question"": ""When is the best time to travel?""}, {""answer"": ""Most packages from Casablanca include return flights, visa processing, hotel accommodation in Makkah and Madinah, ground transport between holy sites, and Ziyarat tours. Always confirm visa, meals and transport details with the agent before booking."", ""question"": ""What is included in a typical package?""}, {""answer"": ""Use our compare tool to put up to 3 packages side-by-side, check agent verification badges, read verified reviews, and request a no-obligation quote (RFQ) to get tailored offers."", ""question"": ""How do I compare packages safely?""}]",active,2026-04-18 14:14:49.142219+00,2026-04-18 14:14:49.142219+00
16eafaa8-b955-4f1e-8bff-f4f25e014d35,Delhi,umrah,en,umrah-from-delhi,Umrah Packages from Delhi 2026 | SafarMarket,"Compare verified Umrah packages from Delhi for 2026. Trusted agents, transparent pricing, real reviews.",,,,0,"[{""answer"": ""Prices vary by hotel category, distance to the Haram and travel season. Most Umrah packages from Delhi fall between budget (3★) and premium (5★) tiers — see live pricing from verified agents above."", ""question"": ""How much does Umrah from Delhi cost?""}, {""answer"": ""SafarMarket lists verified agents who run regular Umrah departures from Delhi. All agents are vetted for licensing (ATOL, Maqam, Ministry of Hajj) and reviewed by past pilgrims."", ""question"": ""Which agents serve the Delhi to Saudi Arabia route?""}, {""answer"": ""Umrah can be performed year-round except during Hajj season. Off-peak months (after Ramadan, before Hajj) usually offer the best prices and quieter Haram."", ""question"": ""When is the best time to travel?""}, {""answer"": ""Most packages from Delhi include return flights, visa processing, hotel accommodation in Makkah and Madinah, ground transport between holy sites, and Ziyarat tours. Always confirm visa, meals and transport details with the agent before booking."", ""question"": ""What is included in a typical package?""}, {""answer"": ""Use our compare tool to put up to 3 packages side-by-side, check agent verification badges, read verified reviews, and request a no-obligation quote (RFQ) to get tailored offers."", ""question"": ""How do I compare packages safely?""}]",active,2026-04-18 14:14:49.142219+00,2026-04-18 14:14:49.142219+00
6a0fcca7-1495-43d0-b8ae-c611d6935b7e,Delhi,hajj,en,hajj-from-delhi,Hajj Packages from Delhi 2026 | SafarMarket,"Compare verified Hajj packages from Delhi for 2026. Trusted agents, transparent pricing, real reviews.",,,,0,"[{""answer"": ""Prices vary by hotel category, distance to the Haram and travel season. Most Hajj packages from Delhi fall between budget (3★) and premium (5★) tiers — see live pricing from verified agents above."", ""question"": ""How much does Hajj from Delhi cost?""}, {""answer"": ""SafarMarket lists verified agents who run regular Hajj departures from Delhi. All agents are vetted for licensing (ATOL, Maqam, Ministry of Hajj) and reviewed by past pilgrims."", ""question"": ""Which agents serve the Delhi to Saudi Arabia route?""}, {""answer"": ""Hajj happens once a year on fixed Islamic calendar dates (8–13 Dhul Hijjah). Book at least 6–9 months ahead — quotas from Delhi fill quickly."", ""question"": ""When is the best time to travel?""}, {""answer"": ""Most packages from Delhi include return flights, visa processing, hotel accommodation in Makkah and Madinah, ground transport between holy sites, and Ziyarat tours. Always confirm visa, meals and transport details with the agent before booking."", ""question"": ""What is included in a typical package?""}, {""answer"": ""Use our compare tool to put up to 3 packages side-by-side, check agent verification badges, read verified reviews, and request a no-obligation quote (RFQ) to get tailored offers."", ""question"": ""How do I compare packages safely?""}]",active,2026-04-18 14:14:49.142219+00,2026-04-18 14:14:49.142219+00
c421b69f-2d87-4d3b-824b-328f8d0a1054,Mumbai,umrah,en,umrah-from-mumbai,Umrah Packages from Mumbai 2026 | SafarMarket,"Compare verified Umrah packages from Mumbai for 2026. Trusted agents, transparent pricing, real reviews.",,,,0,"[{""answer"": ""Prices vary by hotel category, distance to the Haram and travel season. Most Umrah packages from Mumbai fall between budget (3★) and premium (5★) tiers — see live pricing from verified agents above."", ""question"": ""How much does Umrah from Mumbai cost?""}, {""answer"": ""SafarMarket lists verified agents who run regular Umrah departures from Mumbai. All agents are vetted for licensing (ATOL, Maqam, Ministry of Hajj) and reviewed by past pilgrims."", ""question"": ""Which agents serve the Mumbai to Saudi Arabia route?""}, {""answer"": ""Umrah can be performed year-round except during Hajj season. Off-peak months (after Ramadan, before Hajj) usually offer the best prices and quieter Haram."", ""question"": ""When is the best time to travel?""}, {""answer"": ""Most packages from Mumbai include return flights, visa processing, hotel accommodation in Makkah and Madinah, ground transport between holy sites, and Ziyarat tours. Always confirm visa, meals and transport details with the agent before booking."", ""question"": ""What is included in a typical package?""}, {""answer"": ""Use our compare tool to put up to 3 packages side-by-side, check agent verification badges, read verified reviews, and request a no-obligation quote (RFQ) to get tailored offers."", ""question"": ""How do I compare packages safely?""}]",active,2026-04-18 14:14:49.142219+00,2026-04-18 14:14:49.142219+00
2ca8f937-ca3d-46a4-b9f9-a089efbe7b52,Mumbai,hajj,en,hajj-from-mumbai,Hajj Packages from Mumbai 2026 | SafarMarket,"Compare verified Hajj packages from Mumbai for 2026. Trusted agents, transparent pricing, real reviews.",,,,0,"[{""answer"": ""Prices vary by hotel category, distance to the Haram and travel season. Most Hajj packages from Mumbai fall between budget (3★) and premium (5★) tiers — see live pricing from verified agents above."", ""question"": ""How much does Hajj from Mumbai cost?""}, {""answer"": ""SafarMarket lists verified agents who run regular Hajj departures from Mumbai. All agents are vetted for licensing (ATOL, Maqam, Ministry of Hajj) and reviewed by past pilgrims."", ""question"": ""Which agents serve the Mumbai to Saudi Arabia route?""}, {""answer"": ""Hajj happens once a year on fixed Islamic calendar dates (8–13 Dhul Hijjah). Book at least 6–9 months ahead — quotas from Mumbai fill quickly."", ""question"": ""When is the best time to travel?""}, {""answer"": ""Most packages from Mumbai include return flights, visa processing, hotel accommodation in Makkah and Madinah, ground transport between holy sites, and Ziyarat tours. Always confirm visa, meals and transport details with the agent before booking."", ""question"": ""What is included in a typical package?""}, {""answer"": ""Use our compare tool to put up to 3 packages side-by-side, check agent verification badges, read verified reviews, and request a no-obligation quote (RFQ) to get tailored offers."", ""question"": ""How do I compare packages safely?""}]",active,2026-04-18 14:14:49.142219+00,2026-04-18 14:14:49.142219+00
6a3846fd-b936-4044-a0cc-4650ab981d10,Colombo,hajj,en,hajj-from-colombo,Hajj Packages from Colombo 2026 | SafarMarket,"Compare verified Hajj packages from Colombo for 2026. Trusted agents, transparent pricing, real reviews.",,,,0,"[{""answer"": ""Prices vary by hotel category, distance to the Haram and travel season. Most Hajj packages from Colombo fall between budget (3★) and premium (5★) tiers — see live pricing from verified agents above."", ""question"": ""How much does Hajj from Colombo cost?""}, {""answer"": ""SafarMarket lists verified agents who run regular Hajj departures from Colombo. All agents are vetted for licensing (ATOL, Maqam, Ministry of Hajj) and reviewed by past pilgrims."", ""question"": ""Which agents serve the Colombo to Saudi Arabia route?""}, {""answer"": ""Hajj happens once a year on fixed Islamic calendar dates (8–13 Dhul Hijjah). Book at least 6–9 months ahead — quotas from Colombo fill quickly."", ""question"": ""When is the best time to travel?""}, {""answer"": ""Most packages from Colombo include return flights, visa processing, hotel accommodation in Makkah and Madinah, ground transport between holy sites, and Ziyarat tours. Always confirm visa, meals and transport details with the agent before booking."", ""question"": ""What is included in a typical package?""}, {""answer"": ""Use our compare tool to put up to 3 packages side-by-side, check agent verification badges, read verified reviews, and request a no-obligation quote (RFQ) to get tailored offers."", ""question"": ""How do I compare packages safely?""}]",active,2026-04-18 14:14:49.142219+00,2026-04-18 14:14:49.142219+00
95613c82-4fb1-4a1c-a4a1-747b766545fe,Doha,umrah,en,umrah-from-doha,Umrah Packages from Doha 2026 | SafarMarket,"Compare verified Umrah packages from Doha for 2026. Trusted agents, transparent pricing, real reviews.",,,,0,"[{""answer"": ""Prices vary by hotel category, distance to the Haram and travel season. Most Umrah packages from Doha fall between budget (3★) and premium (5★) tiers — see live pricing from verified agents above."", ""question"": ""How much does Umrah from Doha cost?""}, {""answer"": ""SafarMarket lists verified agents who run regular Umrah departures from Doha. All agents are vetted for licensing (ATOL, Maqam, Ministry of Hajj) and reviewed by past pilgrims."", ""question"": ""Which agents serve the Doha to Saudi Arabia route?""}, {""answer"": ""Umrah can be performed year-round except during Hajj season. Off-peak months (after Ramadan, before Hajj) usually offer the best prices and quieter Haram."", ""question"": ""When is the best time to travel?""}, {""answer"": ""Most packages from Doha include return flights, visa processing, hotel accommodation in Makkah and Madinah, ground transport between holy sites, and Ziyarat tours. Always confirm visa, meals and transport details with the agent before booking."", ""question"": ""What is included in a typical package?""}, {""answer"": ""Use our compare tool to put up to 3 packages side-by-side, check agent verification badges, read verified reviews, and request a no-obligation quote (RFQ) to get tailored offers."", ""question"": ""How do I compare packages safely?""}]",active,2026-04-18 14:14:49.142219+00,2026-04-18 14:14:49.142219+00
67305209-5379-4949-bc1f-20f98740bb83,Doha,hajj,en,hajj-from-doha,Hajj Packages from Doha 2026 | SafarMarket,"Compare verified Hajj packages from Doha for 2026. Trusted agents, transparent pricing, real reviews.",,,,0,"[{""answer"": ""Prices vary by hotel category, distance to the Haram and travel season. Most Hajj packages from Doha fall between budget (3★) and premium (5★) tiers — see live pricing from verified agents above."", ""question"": ""How much does Hajj from Doha cost?""}, {""answer"": ""SafarMarket lists verified agents who run regular Hajj departures from Doha. All agents are vetted for licensing (ATOL, Maqam, Ministry of Hajj) and reviewed by past pilgrims."", ""question"": ""Which agents serve the Doha to Saudi Arabia route?""}, {""answer"": ""Hajj happens once a year on fixed Islamic calendar dates (8–13 Dhul Hijjah). Book at least 6–9 months ahead — quotas from Doha fill quickly."", ""question"": ""When is the best time to travel?""}, {""answer"": ""Most packages from Doha include return flights, visa processing, hotel accommodation in Makkah and Madinah, ground transport between holy sites, and Ziyarat tours. Always confirm visa, meals and transport details with the agent before booking."", ""question"": ""What is included in a typical package?""}, {""answer"": ""Use our compare tool to put up to 3 packages side-by-side, check agent verification badges, read verified reviews, and request a no-obligation quote (RFQ) to get tailored offers."", ""question"": ""How do I compare packages safely?""}]",active,2026-04-18 14:14:49.142219+00,2026-04-18 14:14:49.142219+00
